ID,Borough,Name,Overall_Pop,Race_White,Race_Black,Race_Asian,Race_Latino,Race_Other,Age0to17,Age18to24,Age25to44,Age45to64,Age65plus,Ltd_Eng_Prof,lower_95CL,upper_95CL,NYC_Comparison,Born_Outside_US,lower_95CL,upper_95CL,NYC_Comparison,School_Absent,NYC_comparison,On_Time_HS_Grad,NYC_Comparison,Edu_Did_Not_Complete_HS,lower_95CL,upper_95CL,NYC_Comparison,Edu_HSGrad_Some_College,lower_95CL,upper_95CL,NYC_Comparison,Edu_College_Degree_And_Higher,lower_95CL,upper_95CL,NYC_Comparison,Poverty,Unemployment,lower_95CL,upper_95CL,NYC_Comparison,Rent_Burden,lower_95CL,upper_95CL,NYC_Comparison,Avertable_Death,Assault_Hosp,lower_95CL,upper_95CL,NYC_Comparison,Jail_Incarceration,Helpful_Neighbor,lower_95CL,upper_95CL,NYC_Comparison,NYC_Comparison_Pvalues,Homes_No_Defects,Homes_No_Defects_reliability_note,Homes_Roach,Homes_Roach_reliability_note,lower_95CL,upper_95CL,NYC_Comparison,Homes_AC,Homes_AC_reliability_note ,lower_95CL,upper_95CL,NYC_Comparison,Air_Pollution,Bike_Coverage,NYC_comparison,Pedestrian_Hosp,lower_95CL,upper_95CL,NYC_Comparison,Ratio_Bodega_Supermarket,Farmers_Markets,Late_No_Prenatal,NYC_Comparison,Preterm_Births,NYC_Comparison,Teen_Births,Teen_Births_reliability_note,NYC_Comparison,Child_Obesity,lower_95CL,upper_95CL,NYC_Comparison,Child_Asthma,Avoidable_Child_Hosp,lower_95CL,upper_95CL,NYC_Comparison,Self_Rep_Health,Self_Rep_Health_reliability_note,lower_95CL,upper_95CL,NYC_Comparison,NYC_Comparison_Pvalues,Physical_Activity,Physical_Activity_reliability_note,lower_95CL,upper_95CL,NYC_Comparison,NYC_Comparison_Pvalues,Sugary_Drink,Sugary_Drink_reliability_note,lower_95CL,upper_95CL,NYC_Comparison,NYC_Comparison_Pvalues,Fruit_Veg,Fruit_Veg_reliability_note,lower_95CL,upper_95CL,NYC_Comparison,NYC_Comparison_Pvalues,Smoking,Smoking_reliability_note,lower_95CL,upper_95CL,NYC_Comparison,NYC_Comparison_Pvalues,Uninsured,Uninsured_reliability_note,lower_95CL,upper_95CL,NYC_Comparison,NYC_Comparison_Pvalues,Unmet_Med_Care,Unmet_Med_Care_reliability_note,lower_95CL,upper_95CL,NYC_Comparison,NYC_Comparison_Pvalues,Avoidable_Adult_Hosp,lower_95CL,upper_95CL,NYC_Comparison,Falls_Hosp,lower_95CL,upper_95CL,NYC_Comparison,HPV_Vaccination_All,HPV_Vaccincation_note,Flu_Vaccination,Flu_Vaccination_reliability_note,lower_95CL,upper_95CL,NYC_Comparison,NYC_Comparison_Pvalues,Obesity,Obesity_reliability_note,lower_95CL,upper_95CL,NYC_Comparison,NYC_Comparison_Pvalues,Diabetes,Diabetes_reliability_note,lower_95CL,upper_95CL,NYC_Comparison,NYC_Comparison_Pvalues,Hypertension,Hypertension_reliability_note,lower_95CL,upper_95CL,NYC_Comparison,NYC_Comparison_Pvalues,HIV_Diagnoses,HIV_Diagnoses_reliability_note,HepC_Reports,Binge_Drink,Binge_Drink_reliability_note,lower_95CL,upper_95CL,NYC_Comparison,NYC_Comparison_Pvalues,Psych_Hosp,lower_95CL,upper_95CL,NYC_comparison,Infant_Mort,Infant_Mort_reliability_note,lower_95CL,upper_95CL,NYC_comparison,Premature_Mort_Number,Premature_Mort_Rate,NYC_Comparison,Life_Expectancy,lower_95CL,upper_95CL,NYC_Comparison
101,Manhattan,Financial District,57765,63,4,22,8,4,15,11,47,19,9,6,4.9,6.3,Lower,23,21.5,24,Lower,6,Lower,98,Higher,4,3.3,4.6,Lower,11,10,12.1,Lower,85,83.5,86.5,Higher,8,4,3,4,Lower,35,33,37,Lower,n/a,24,16.9,33.4,Lower,58,81,74.4,86.5,Similar,0.174,62,,10,,5.9,13.3,Lower,98,*,96.4,99.8,Higher,7.5,45,Higher,10,6.1,16.9,Lower,3,4,2.3,Lower,7.6,Lower,^,,^,5,4,5.3,Lower,28,^,^,^,^,92.2,*,85.9,95.8,Higher,<0.001,85,,76.4,90.7,Higher,0.002,12,*,6.3,20.6,Lower,0.003,94,*,87,97.7,Higher,0.046,7,,4.4,11.6,Lower,0.023,3,*,1.8,6.5,Lower,<0.001,7,*,3.7,13.4,Lower,0.022,608,424.8,790.7,Lower,2020,1770.3,2269,Higher,99,**,54,,45,61.9,Similar,0.335,8,*,4.3,14,Lower,<0.001,2,*,1.3,4.5,Lower,<0.001,20,,14.3,27.4,Similar,0.051,11.3,,,,,,,,,,,,,,,,,,,,,,,,
102,Manhattan,Greenwich Village and Soho,84271,72,2,16,7,3,10,10,38,24,19,6,4.9,6.3,Lower,23,21.5,24,Lower,9,Lower,94,Higher,4,3.3,4.6,Lower,11,10,12.1,Lower,85,83.5,86.5,Higher,8,4,3,4,Lower,35,33,37,Lower,n/a,10,7.2,14.6,Lower,39,81,74.4,86.5,Similar,0.174,62,,10,,5.9,13.3,Lower,98,*,96.4,99.8,Higher,8.5,41,Higher,9,6,13,Lower,5,2,2,Lower,6,Lower,0.6,*,Lower,6,3.7,7.4,Lower,40,^,^,^,^,92.2,*,85.9,95.8,Higher,<0.001,85,,76.4,90.7,Higher,0.002,12,*,6.3,20.6,Lower,0.003,94,*,87,97.7,Higher,0.046,7,,4.4,11.6,Lower,0.023,3,*,1.8,6.5,Lower,<0.001,7,*,3.7,13.4,Lower,0.022,302,202.6,400.6,Lower,1701,1570.5,1831.6,Similar,60,,54,,45,61.9,Similar,0.335,8,*,4.3,14,Lower,<0.001,2,*,1.3,4.5,Lower,<0.001,20,,14.3,27.4,Similar,0.051,11.1,,,,,,,,,,,,,,,,,,,,,,,,
103,Manhattan,Lower East Side and Chinatown,164150,28,7,38,25,2,14,10,31,25,20,28,25.9,29.2,Higher,34,33,35.8,Lower,21,Similar,84,Similar,26,24.3,27.9,Higher,27,25.5,28.6,Lower,47,45.3,48.5,Higher,22,6,5,6,Similar,49,46,51,Same,14,42,36.8,48,Lower,190,73,66,78.8,Similar,0.188,34,,36,,29.9,42.2,Higher,91,,87.9,94.4,Similar,7.5,47,Higher,20,15.5,23.5,Similar,9,4,5.2,Lower,10.1,Higher,5.2,,Lower,16,13.1,18.3,Lower,236,411,272.8,593.3,Lower,68.6,,61.3,75,Lower,0.004,78,,70.8,84,Similar,0.183,17,,11,26.1,Similar,0.192,86,,76.9,91.3,Similar,0.279,9,,5.5,13.5,Similar,0.192,9,*,4.6,15.4,Similar,0.119,12,,6.9,18.7,Similar,0.728,890,665.3,1114,Similar,1837,1739.8,1934,Higher,77,,57,,48.9,65.6,Similar,0.058,14,,9.9,18.8,Lower,<0.001,13,,9,18.8,Similar,0.745,22,,17.9,27.8,Similar,0.109,15.4,,,,,,,,,,,,,,,,,,,,,,,,
104,Manhattan,Clinton and Chelsea,137340,57,6,14,19,3,9,7,42,26,16,9,8.4,10.3,Lower,30,28.5,31.8,Lower,19,Lower,85,Similar,5,4.7,6.2,Lower,16,14.4,16.8,Lower,79,76.8,81.1,Higher,11,4,4,5,Lower,39,36,41,Lower,^,34,28.4,40.4,Lower,97,74,67,79.8,Similar,0.323,74,,12,,7.5,16.2,Lower,98,*,96,99.2,Higher,8,39,Higher,15,11.7,19.8,Lower,6,4,5,Lower,7.5,Lower,6.6,,Lower,14,10.8,16.8,Lower,107,^,^,^,^,88.1,,80.5,93,Higher,0.002,85,,79.1,88.8,Higher,<0.001,12,,8.1,18.4,Lower,<0.001,91,*,82.7,95.1,Similar,0.699,4,,2.4,7.5,Lower,<0.001,10,*,5,20.4,Similar,0.543,10,,5.4,17.2,Similar,0.333,622,463.1,781.7,Lower,1613,1493.4,1731.7,Similar,60,,48,,40.3,55.3,Similar,0.665,12,,7.8,18.4,Lower,<0.001,5,*,2.7,9.7,Lower,<0.001,13,,9.4,17.2,Lower,<0.001,27.6,,,,,,,,,,,,,,,,,,,,,,,,
105,Manhattan,Midtown,57097,66,4,19,8,2,8,12,42,22,17,9,8.4,10.3,Lower,30,28.5,31.8,Lower,23,Similar,91,Higher,5,4.7,6.2,Lower,16,14.4,16.8,Lower,79,76.8,81.1,Higher,11,4,4,5,Lower,39,36,41,Lower,^,25,17.7,34.9,Lower,118,74,67,79.8,Similar,0.323,74,,12,,7.5,16.2,Lower,98,*,96,99.2,Higher,9.2,35,Higher,18,11,26.7,Similar,7,2,4.3,Lower,10.1,Higher,3,,Lower,12,9,14.8,Lower,106,^,^,^,^,88.1,,80.5,93,Higher,0.002,85,,79.1,88.8,Higher,<0.001,12,,8.1,18.4,Lower,<0.001,91,*,82.7,95.1,Similar,0.699,4,,2.4,7.5,Lower,<0.001,10,*,5,20.4,Similar,0.543,10,,5.4,17.2,Similar,0.333,694,496.8,891.3,Lower,1668,1488.5,1848,Similar,78,,48,,40.3,55.3,Similar,0.665,12,,7.8,18.4,Lower,<0.001,5,*,2.7,9.7,Lower,<0.001,13,,9.4,17.2,Lower,<0.001,30.3,,,,,,,,,,,,,,,,,,,,,,,,
106,Manhattan,Stuyvesant Town and Turtle Bay,132940,70,4,16,8,2,8,10,37,23,22,6,5.2,7.3,Lower,24,22.3,25.4,Lower,10,Lower,88,Higher,3,2.5,4.2,Lower,13,11.6,14.6,Lower,84,81.9,85.3,Higher,9,3,2,4,Lower,41,38,44,Lower,n/a,35,29.6,41.2,Lower,45,79,71.5,85.2,Similar,0.544,71,,10,,6.4,13.3,Lower,94,,91.4,96.4,Similar,7.8,26,Higher,20,16,24.8,Similar,6,2,3.4,Lower,8,Lower,1.8,,Lower,7,4.9,9.5,Lower,77,^,^,^,^,91.7,*,84.4,95.7,Higher,<0.001,86,,77.5,92.1,Higher,<0.001,14,,8.1,24.1,Lower,0.048,99,*,96.6,99.5,Higher,<0.001,6,*,3,11.3,Lower,0.007,^,^,^,^,n/a,n/a,9,*,4.8,17.8,Similar,0.331,548,403.9,691.4,Lower,2019,1915.1,2123.5,Higher,83,,55,,45.2,65.1,Similar,0.238,10,,6.7,15.7,Lower,<0.001,3,*,1.5,4.9,Lower,<0.001,19,,13.3,27,Lower,0.033,10.6,,,,,,,,,,,,,,,,,,,,,,,,
107,Manhattan,Upper West Side,202414,65,8,8,16,2,15,5,31,26,22,8,7.1,8.8,Lower,22,20.9,24,Lower,14,Lower,89,Higher,6,4.7,6.3,Lower,15,13.7,16,Lower,80,78,81.3,Higher,10,4,3,5,Lower,36,34,39,Lower,n/a,25,20.6,28.7,Lower,96,83,76.6,88.1,Higher,0.036,59,,16,,11.4,19.6,Lower,92,,89.6,94.8,Similar,6.3,35,Higher,16,12.6,18.8,Lower,3,4,3.2,Lower,6.7,Lower,4,,Lower,10,6.9,12.3,Lower,109,292,203.7,406.7,Lower,86.8,,79.8,91.6,Higher,0.005,87,,80.1,91.7,Higher,<0.001,11,,6.6,17.5,Lower,<0.001,89,,81.5,94.1,Similar,0.978,6,,3.4,9.4,Lower,<0.001,4,*,1.8,7.5,Lower,<0.001,13,,9,19.4,Similar,0.751,548,409,686.7,Lower,1872,1792.2,1952.6,Higher,72,,63,,54.5,69.9,Higher,0.001,21,,14.3,30,Similar,0.352,7,,4.8,10.4,Lower,<0.001,20,,15.2,26.7,Lower,0.031,9.5,,24.8,27,,19.8,34.7,Higher,0.023,370,311.9,427.4,Lower,1.8,,0.7,3.9,Similar,173,71.5,Lower,86.3,85.7,86.9,Higher
108,Manhattan,Upper East Side,211756,77,3,10,8,2,15,5,33,24,24,5,4.3,5.7,Lower,24,22,25.1,Lower,8,Lower,94,Higher,2,1.8,2.8,Lower,15,13.2,15.8,Lower,83,81.1,85.3,Higher,6,3,2,3,Lower,40,38,43,Lower,n/a,15,12.4,18.6,Lower,29,80,73.5,85.4,Similar,0.301,65,,10,,6.8,13.6,Lower,96,*,94.1,98.8,Higher,6.7,33,Higher,19,15.4,21.7,Lower,4,3,2.1,Lower,7.4,Lower,1.6,,Lower,6,5.1,7.3,Lower,43,179,110.8,273.6,Lower,90.3,,83.1,94.7,Higher,<0.001,87,,79.7,91.8,Higher,<0.001,7,,4.3,10.5,Lower,<0.001,93,*,85.3,96.6,Similar,0.212,12,,6.9,19.1,Similar,0.916,4,*,1.9,7.4,Lower,<0.001,12,,7.1,18.9,Similar,0.781,460,337.5,581.9,Lower,2098,2017,2178.2,Higher,77,,67,,59.5,74.2,Higher,<0.001,10,,6.7,15.4,Lower,<0.001,7,*,3.6,12.6,Lower,0.011,16,,11.4,22.5,Lower,<0.001,4.5,,11.4,27,,19.8,34.7,Higher,0.023,258,222,294.7,Lower,^,^,^,^,n/a,257,63,Lower,87.7,87.3,88.1,Higher
109,Manhattan,Morningside Heights and Hamilton Heights,103970,21,25,7,44,3,17,15,33,22,14,19,17.1,20.5,Lower,34,32,35.4,Lower,29,Higher,80,Similar,19,17,20.8,Same,30,27.9,31.4,Lower,51,49.4,53.4,Higher,20,6,5,7,Similar,50,47,53,Same,29,57,49.4,65.3,Similar,304,77,69.4,82.9,Similar,0.948,39,*,34,,25.9,41.2,Higher,88,,82.6,93.1,Similar,6.3,34,Higher,21,16.3,27.2,Similar,5,3,10.9,Higher,8.5,Lower,10.8,,Lower,24,21.4,26.6,Higher,268,654,462.6,897.3,Similar,72.4,,61.8,81,Similar,0.199,75,,66,81.8,Similar,0.779,17,,10.2,27.9,Similar,0.275,88,,80,93.1,Similar,0.671,11,,6.4,18.3,Similar,0.928,20,,12.1,31.4,Similar,0.13,26,,18.1,35.9,Higher,0.003,1232,957.7,1507,Similar,1232,1119,1345.9,Lower,72,,54,,45.1,62.5,Similar,0.309,23,,15.6,32,Similar,0.636,15,,10,21.1,Similar,0.402,31,,22.6,40.9,Similar,0.341,33.4,,27.2,26,,18.7,34.6,Similar,0.053,605,563,647.5,Lower,3.2,,1.6,5.7,Similar,1229,156.8,Lower,84.1,83.8,84.4,Higher
110,Manhattan,Central Harlem,110570,8,63,3,23,3,21,8,34,24,12,11,10.2,12.4,Lower,23,21.8,25,Lower,33,Higher,76,Lower,17,15.8,18.9,Same,38,35.6,39.6,Same,45,43.5,46.6,Same,21,9,7,10,Higher,45,43,48,Lower,53,116,105.2,127.2,Higher,519,82,75.7,86.3,Similar,0.091,45,,27,,20.3,33.3,Similar,82,,76.3,88,Lower,6.4,21,Higher,32,25.7,37.9,Higher,6,5,10.4,Higher,10.9,Higher,18,,Higher,22,20.1,23.5,Similar,511,886,689.4,1121.3,Higher,76.5,,68.4,83,Similar,0.56,79,,72.2,85.2,Similar,0.078,30,,22.2,40.2,Similar,0.073,89,,81.5,93.2,Similar,0.783,9,,5.5,15.5,Similar,0.435,12,,7.9,18.2,Similar,0.832,11,,7.1,17.8,Similar,0.659,2030,1596.5,2463.4,Higher,1333,1213.1,1452,Lower,79,,55,,46.1,63.4,Similar,0.214,35,,26.7,44.1,Higher,0.023,7,*,3.9,12.9,Lower,0.021,31,,26.3,36.1,Similar,0.077,58.6,,36.7,21,,16.1,27.9,Similar,0.258,620,574.8,664.8,Similar,2.3,,0.9,4.8,Similar,693,106.4,Lower,85.5,85.1,85.9,Higher
111,Manhattan,East Harlem,118409,11,31,6,50,2,21,9,31,23,16,18,16.4,19.3,Lower,22,20.7,24.1,Lower,36,Higher,77,Lower,26,23.9,27.5,Higher,37,35.6,39.4,Same,37,35,38.6,Lower,23,9,8,11,Higher,47,44,50,Same,44,130,119.1,141.8,Higher,495,75,67.6,80.3,Similar,0.427,47,,30,,22.5,37.7,Similar,85,,80.6,89.6,Lower,6.4,39,Higher,29,23.7,34.7,Higher,11,4,9.9,Higher,10.4,Higher,14.7,,Similar,23,21.1,25.5,Similar,506,1374,1116,1631.8,Higher,76.2,,69.3,81.9,Similar,0.436,72,,63.3,79.1,Similar,0.659,30,,21.8,38.9,Similar,0.089,82,,73.3,87.8,Lower,0.035,19,,12.2,28.1,Similar,0.059,8,,4.6,14.6,Similar,0.078,18,,11.6,26,Similar,0.157,1850,1459.2,2240.1,Similar,1775,1653.1,1896.7,Higher,86,,52,,43.5,60.6,Similar,0.533,30,,22.6,39.1,Similar,0.194,20,,14.6,25.5,Higher,0.009,29,,23.5,35,Similar,0.417,29.8,,38.8,21,,16.1,27.9,Similar,0.258,409,350.6,466.5,Lower,3.4,,1.2,7.3,Similar,268,110.2,Lower,86.7,86,87.3,Higher
112,Manhattan,Washington Heights and Inwood,185656,16,7,3,72,1,18,9,32,25,16,36,34.4,38,Higher,46,44.3,47.6,Lower,20,Lower,81,Similar,27,25.9,28.8,Higher,33,31.3,34.4,Lower,40,38.3,41.3,Lower,18,8,7,9,Higher,50,47,52,Same,13,43,37.5,47.7,Lower,218,75,68.5,80.4,Similar,0.473,39,,35,,29.3,40.9,Higher,92,,89.6,94.9,Similar,6.3,38,Higher,17,13.8,20.5,Lower,10,5,6.8,Similar,9.1,Similar,16.7,,Higher,24,21.3,27.6,Similar,211,587,456.2,744.7,Similar,71.7,,65.9,76.8,Lower,0.011,76,,69,81.7,Similar,0.471,22,,16.1,28.2,Similar,0.809,89,,84.3,93,Similar,0.99,10,,6,15.4,Similar,0.49,12,,8,18.2,Similar,0.851,15,,9.8,21.3,Similar,0.471,1252,939.8,1564.2,Similar,1420,1333.2,1506.8,Lower,76,,57,,48.9,63.8,Similar,0.06,26,,20.1,32.8,Similar,0.711,15,,11.1,21.1,Similar,0.207,31,,25.4,37.9,Similar,0.131,27.9,,34.2,25,,17.9,33.2,Similar,0.081,828,773.1,883.5,Higher,2.6,,1.2,4.7,Similar,562,90.5,Lower,87,86.7,87.3,Higher
201,Bronx,Mott Haven and Melrose,96584,1,24,1,74,1,27,11,28,22,13,29,27.8,30.4,Higher,30,28.3,31.1,Lower,38,Higher,73,Lower,37,35.4,38.7,Higher,45,43.6,46.9,Higher,18,16.6,18.8,Lower,32,12,11,14,Higher,58,56,61,Higher,48,186,170,201.4,Higher,510,68,60.3,74.1,Lower,0.007,36,,46,,38.5,53.3,Higher,84,,79.1,89.5,Lower,6.3,22,Higher,43,35.6,51.2,Higher,8,4,15.2,Higher,12,Higher,27.9,,Higher,26,24.8,27.5,Higher,541,1760,1469.4,2050.3,Higher,62.8,,52.8,71.9,Lower,0.001,65,,54.2,74,Similar,0.08,39,,30.1,49.5,Higher,0.001,84,,77,89.5,Similar,0.099,17,,10.5,25.3,Similar,0.15,17,,11.3,24.6,Similar,0.203,16,,9.7,24.7,Similar,0.395,2908,2328.7,3468.5,Higher,1632,1481.6,1782.9,Similar,98,,56,,46.1,64.7,Similar,0.193,36,,27.1,45.4,Higher,0.018,16,,10.9,22,Similar,0.229,35,,27.3,44.2,Higher,0.042,42.6,,17,25,,18.4,32.9,Similar,0.058,406,372.2,440,Lower,1.4,,0.7,2.6,Lower,1030,100.4,Lower,85.7,85.5,85.9,Higher
202,Bronx,Hunts Point and Longwood,55096,1,20,1,77,1,27,10,29,22,12,29,27.8,30.4,Higher,30,28.3,31.1,Lower,38,Higher,74,Lower,37,35.4,38.7,Higher,45,43.6,46.9,Higher,18,16.6,18.8,Lower,32,12,11,14,Higher,58,56,61,Higher,40,151,132.7,170.2,Higher,425,68,60.3,74.1,Lower,0.007,36,,46,,38.5,53.3,Higher,84,,79.1,89.5,Lower,6.6,30,Higher,36,27.2,46.8,Higher,12,1,14.4,Higher,11.8,Higher,25.7,,Higher,26,24.7,28.1,Higher,333,1232,935.6,1592.8,Higher,62.8,,52.8,71.9,Lower,0.001,65,,54.2,74,Similar,0.08,39,,30.1,49.5,Higher,0.001,84,,77,89.5,Similar,0.099,17,,10.5,25.3,Similar,0.15,17,,11.3,24.6,Similar,0.203,16,,9.7,24.7,Similar,0.395,2348,1904.4,2792.5,Higher,1361,1172.8,1550.2,Lower,93,,56,,46.1,64.7,Similar,0.193,36,,27.1,45.4,Higher,0.018,16,,10.9,22,Similar,0.229,35,,27.3,44.2,Higher,0.042,32.8,,12.8,30,,23.8,37.9,Higher,0.001,350,319.1,380.8,Lower,1.2,,0.5,2.2,Lower,795,80,Lower,86.9,86.6,87.1,Higher
203,Bronx,Morrisania and Crotona,89172,1,37,1,61,1,28,10,28,23,11,27,25.5,28.2,Higher,31,29.8,32.4,Lower,37,Higher,72,Lower,34,32.8,35.4,Higher,46,44.9,47.5,Higher,20,18.6,20.8,Lower,31,13,12,15,Higher,58,56,61,Higher,52,161,146,176.6,Higher,516,66,59.1,71.6,Lower,<0.001,32,,39,,31.2,47.2,Higher,76,,69,82.5,Lower,6.2,36,Higher,34,26.9,41.7,Higher,8,2,16.7,Higher,10.5,Higher,23.4,,Higher,25,24.1,26.6,Higher,377,1348,1090.3,1606.1,Higher,72,,64.8,78.3,Similar,0.053,73,,65.8,79.5,Similar,0.921,37,,28.7,45.9,Higher,0.001,83,,75.6,88.4,Lower,0.046,24,,17.3,33.5,Higher,0.001,23,,16.1,32.7,Higher,0.011,20,,13.2,27.9,Similar,0.057,2856,2287.7,3424.9,Higher,1505,1344.3,1665.7,Similar,95,,46,,38.5,53.5,Similar,0.362,41,,33,49.2,Higher,<0.001,16,,11.1,21.4,Similar,0.217,35,,27.8,42.3,Higher,0.026,50.6,,42,28,,19.6,37.7,Higher,0.034,695,637.3,752.4,Similar,3.5,,1.7,6.4,Similar,810,174.9,Similar,82.6,82.2,82.9,Higher
204,Bronx,Highbridge and Concourse,152930,1,31,2,65,1,26,10,29,24,12,37,34.9,38.2,Higher,43,41.1,44.3,Lower,32,Higher,76,Lower,33,30.8,34.3,Higher,45,43.5,46.8,Higher,22,20.8,23.7,Lower,34,10,9,11,Higher,59,56,62,Higher,41,123,112.5,132.8,Higher,341,72,64.9,77.6,Similar,0.098,36,,44,,35.6,51.6,Higher,85,,77.7,91.6,Similar,6.1,15,Higher,27,22.4,32.4,Similar,9,5,13.9,Higher,9.6,Similar,22.6,,Higher,25,23.6,26.7,Higher,361,1356,1154.2,1557,Higher,70.3,,63.2,76.5,Lower,0.014,74,,65.3,81.3,Similar,0.909,32,,24.5,40.2,Higher,0.015,79,,69.8,86.6,Lower,0.018,16,,9.6,24.9,Similar,0.24,16,,9.8,24.3,Similar,0.399,20,,14,27,Higher,0.029,2306,1814.1,2798.4,Higher,1257,1148.5,1364.5,Lower,89,,58,,49.1,65.5,Similar,0.052,28,,21.4,36,Similar,0.361,13,,9.2,17.8,Similar,0.783,35,,28.1,42.8,Higher,0.024,44,,50.6,18,,11.8,25.7,Similar,0.927,1025,957.2,1092.8,Higher,5.7,,3.7,8.4,Similar,1514,284.9,Higher,77.2,76.9,77.5,Lower
205,Bronx,Fordham and University Heights,132558,1,27,2,69,1,27,10,29,24,10,36,34.3,37.5,Higher,43,42.1,44.6,Lower,32,Higher,75,Lower,34,32.8,36,Higher,46,44.2,47.9,Higher,20,18.2,21,Lower,35,12,11,13,Higher,62,59,64,Higher,45,126,114.8,136.9,Higher,427,67,60.3,73.5,Lower,0.004,26,,53,,44.4,61.6,Higher,80,,73.4,86,Lower,6.2,15,Higher,28,22.2,33.1,Similar,9,0,12.9,Higher,9.4,Similar,23.9,,Higher,25,24.3,26.4,Higher,319,1297,1088.8,1505.3,Higher,66.8,,59.3,73.5,Lower,0.001,73,,63.5,80.2,Similar,0.814,33,,24.6,43.5,Higher,0.02,89,,83.5,93.3,Similar,0.979,14,,8.7,22.5,Similar,0.385,21,,14,29.5,Higher,0.04,17,,11.6,23.2,Similar,0.17,2635,2057.8,3211.8,Higher,1168,1042.5,1294.2,Lower,95,,59,,49.7,67.7,Higher,0.038,40,,31.4,49.7,Higher,0.001,21,,15.5,28.4,Higher,0.006,37,,30.2,44.8,Higher,0.004,42.3,,76.9,17,,11.3,24.2,Similar,0.696,1719,1633.2,1805.5,Higher,5.9,,3.8,8.6,Similar,1536,284.1,Higher,78.5,78.2,78.9,Lower
206,Bronx,Belmont and East Tremont,85206,6,25,1,67,1,28,12,28,21,11,27,25.5,28.2,Higher,31,29.8,32.4,Lower,38,Higher,74,Lower,34,32.8,35.4,Higher,46,44.9,47.5,Higher,20,18.6,20.8,Lower,31,13,12,15,Higher,58,56,61,Higher,48,152,137,168,Higher,458,66,59.1,71.6,Lower,<0.001,32,,39,,31.2,47.2,Higher,76,,69,82.5,Lower,6.3,18,Higher,34,27.2,43,Higher,17,4,15.5,Higher,9.5,Similar,22.7,,Higher,25,23.7,26.6,Higher,421,1125,895.8,1394.2,Higher,72,,64.8,78.3,Similar,0.053,73,,65.8,79.5,Similar,0.921,37,,28.7,45.9,Higher,0.001,83,,75.6,88.4,Lower,0.046,24,,17.3,33.5,Higher,0.001,23,,16.1,32.7,Higher,0.011,20,,13.2,27.9,Similar,0.057,2257,1824.4,2689.9,Higher,2080,1887.8,2271.7,Higher,88,,46,,38.5,53.5,Similar,0.362,41,,33,49.2,Higher,<0.001,16,,11.1,21.4,Similar,0.217,35,,27.8,42.3,Higher,0.026,48.2,,32.6,20,,14.4,27.1,Similar,0.544,552,514.4,590.4,Lower,2.4,,1.3,4,Similar,1237,136.5,Lower,85,84.7,85.3,Higher
207,Bronx,Kingsbridge Heights and Bedford,144924,6,18,8,67,1,25,10,30,24,11,37,35.1,39.3,Higher,44,41.7,46,Lower,31,Higher,79,Similar,30,28.1,32.4,Higher,47,45.3,49.3,Higher,22,20.9,23.9,Lower,29,11,10,13,Higher,61,57,64,Higher,41,97,87.8,106.2,Higher,277,68,60.4,74.4,Lower,0.009,37,,49,,41.2,56.8,Higher,87,,81.1,93.4,Similar,6,12,Lower,26,21.3,31.6,Similar,10,4,9.9,Higher,9.5,Similar,21.1,,Higher,25,23.6,26.8,Higher,338,1353,1143.3,1562.6,Higher,72.7,,64.5,79.6,Similar,0.122,71,,63.2,78.1,Similar,0.519,26,,19.5,33.4,Similar,0.312,79,,70.3,85.8,Lower,0.008,18,,11.3,26.1,Similar,0.094,26,,18.5,34.8,Higher,0.001,11,,7.1,17.4,Similar,0.6,1883,1469.8,2295.6,Similar,1802,1665.1,1938.8,Higher,89,,52,,42.6,60.7,Similar,0.611,33,,25,41.1,Similar,0.06,16,,11.2,21.8,Similar,0.19,34,,27.3,41.2,Higher,0.039,30.4,,61,18,,11.7,26.5,Similar,0.986,995,918.8,1071.3,Higher,6.5,,4.3,9.4,Similar,1318,324,Higher,78.4,78,78.9,Lower
208,Bronx,Riverdale and Fieldston,101146,33,12,6,48,2,20,8,27,25,20,23,21.6,24.9,Same,34,32.2,35.7,Lower,21,Lower,83,Similar,18,16.8,19.8,Same,36,34.1,37.5,Same,46,44.2,47.5,Same,19,7,6,8,Similar,52,49,56,Same,32,40,32.8,47.1,Lower,107,86,79.8,90.2,Higher,0.001,34,*,33,,25.5,40.5,Higher,89,,84.1,93.5,Similar,5.9,5,Lower,17,12.6,22.3,Lower,5,3,9,Higher,8.4,Lower,7.8,,Lower,23,19.6,26.2,Similar,170,590,421.6,803.7,Similar,79.4,,68.4,87.3,Similar,0.875,70,*,58.9,79,Similar,0.47,29,*,19.6,40,Similar,0.213,87,,78.1,92.2,Similar,0.424,5,*,2.9,9.9,Lower,0.001,7,*,3.4,12.6,Lower,0.008,9,,5.6,14.9,Similar,0.154,1096,820.9,1370.6,Similar,2097,1975.4,2218.7,Higher,74,,53,*,43,63.5,Similar,0.449,23,,15.7,33.2,Similar,0.737,8,,5.7,12.2,Lower,0.018,26,,18.9,35.1,Similar,0.934,14.9,,42.1,18,,11.7,26.5,Similar,0.986,996,896.2,1096.4,Higher,4.3,,2.1,7.9,Similar,611,260.7,Higher,80.5,79.9,81.1,Lower
209,Bronx,Parkchester and Soundview,182722,2,29,7,60,2,24,9,28,25,14,24,22.7,25.2,Higher,33,31.1,34.3,Lower,30,Higher,78,Lower,27,25.3,28.2,Higher,47,45.1,48.5,Higher,26,25.1,27.9,Lower,29,9,8,10,Higher,55,53,58,Higher,36,100,91.4,108.2,Higher,277,76,69.2,80.9,Similar,0.606,44,,47,,39.7,54.3,Higher,89,,84.3,93.4,Similar,6.2,17,Higher,26,21.4,30,Similar,9,1,12.6,Higher,10.5,Higher,19.6,,Higher,25,24.4,26.6,Higher,271,1230,1039.2,1421.7,Higher,71.6,,63.3,78.6,Similar,0.066,74,,66.8,79.9,Similar,0.943,42,,34,50.8,Higher,<0.001,87,,80.6,91.2,Similar,0.317,16,,11,22.2,Similar,0.105,16,,10.8,23.3,Similar,0.279,12,,7.3,19.6,Similar,0.892,1642,1302.3,1980.8,Similar,1315,1222.6,1407.7,Lower,80,,52,,43.4,60.1,Similar,0.567,40,,32.3,48.8,Higher,<0.001,18,,13.8,24.3,Higher,0.021,34,,26.8,41.4,Similar,0.054,28.2,,64.6,21,,14.8,28.3,Similar,0.422,1450,1355.2,1544.4,Higher,5,,3.1,7.6,Similar,1212,308.3,Higher,77.5,77.1,78,Lower
210,Bronx,Throgs Neck and Co-op City,120296,29,23,6,41,2,20,8,25,27,21,13,11.1,14.3,Lower,23,21.1,24,Lower,24,Higher,83,Similar,16,14.1,17.1,Lower,46,44.4,48.6,Higher,38,35.7,40.2,Lower,16,7,5,8,Similar,46,41,50,Same,32,53,45.3,60.7,Similar,121,82,75.4,87.5,Similar,0.09,63,*,15,,8.8,20.5,Lower,96,*,92.2,99.3,Higher,6.1,9,Lower,17,12.7,21.3,Lower,8,2,11.4,Higher,11.7,Higher,8.7,,Lower,25,23.3,25.9,Higher,185,1023,796.3,1295.2,Higher,77.3,,69.5,83.5,Similar,0.691,74,,65.7,81,Similar,0.905,26,,18.3,34.9,Similar,0.408,90,,84.2,94.3,Similar,0.717,10,,6.6,14.9,Similar,0.54,6,*,2.8,12.8,Lower,0.006,8,,4.5,12.5,Lower,0.013,1169,924.2,1414,Similar,1740,1638.4,1842.3,Higher,71,,42,,32.4,51.9,Similar,0.131,28,,20,37.1,Similar,0.504,16,,10.5,23.6,Similar,0.258,27,,21.5,34.2,Similar,0.791,16.8,,51.5,21,,13.7,30.1,Similar,0.52,887,831,942.4,Higher,5.3,,3.7,7.3,Similar,1683,242.6,Higher,80.4,80,80.7,Lower
211,Bronx,Morris Park and Bronxdale,113909,23,21,9,45,1,22,8,29,24,17,24,22.5,25.3,Same,33,31.9,34.8,Lower,25,Higher,83,Similar,22,20.5,23.1,Higher,44,42.5,46.1,Higher,34,32.4,35.5,Lower,20,9,8,10,Higher,56,53,59,Higher,36,64,55.7,72.7,Similar,188,71,62.3,77.9,Similar,0.108,49,*,31,,21.7,40.2,Similar,88,,81.3,93.8,Similar,6,14,Similar,18,14.2,23.4,Similar,17,1,11.3,Higher,11.4,Higher,15.4,,Similar,25,23.1,26.2,Higher,240,951,745.3,1195.6,Higher,72.6,*,61.2,81.7,Similar,0.248,67,,56.6,76.4,Similar,0.211,29,,20.3,38.5,Similar,0.17,89,*,79.6,94.4,Similar,0.91,12,*,6.3,21.4,Similar,0.861,9,,4.9,14.6,Similar,0.091,19,,12,29.5,Similar,0.132,1321,1051,1590.9,Similar,1940,1815.8,2065.1,Higher,80,,59,,50.7,66.4,Higher,0.02,32,*,22.6,43,Similar,0.171,23,*,14.7,34.9,Higher,0.032,40,*,30,51.9,Higher,0.013,18.5,,52.5,17,,10.7,24.7,Similar,0.67,975,912.6,1037.9,Higher,4.3,,2.8,6.3,Similar,1517,247.9,Higher,80.6,80.2,81.1,Lower
212,Bronx,Williamsbridge and Baychester,152732,6,64,3,25,2,23,9,27,26,15,10,9.2,11.2,Lower,40,38.3,41.4,Lower,34,Higher,79,Similar,20,19,21.6,Higher,48,46.3,49.2,Higher,32,30.4,33.5,Lower,22,9,8,10,Higher,59,55,62,Higher,34,82,73.3,89.9,Higher,288,74,67.7,79.7,Similar,0.339,46,,34,,26.1,41.9,Higher,83,,77.6,88.4,Lower,5.9,16,Higher,23,18.8,27.5,Similar,7,2,15.1,Higher,12.3,Higher,16.2,,Higher,25,23.6,26.2,Higher,308,1142,936.6,1346.9,Higher,79.5,,72.6,85.1,Similar,0.793,76,,68,83,Similar,0.481,42,,33.8,51.6,Higher,<0.001,83,,73.5,90.1,Similar,0.142,12,,7.5,18.9,Similar,0.778,18,,11.5,28.4,Similar,0.169,16,,9.8,25,Similar,0.37,1689,1372.6,2006,Similar,1328,1233,1422.9,Lower,76,,47,,38.7,55.1,Similar,0.538,33,,24.7,41.6,Similar,0.069,16,,10.9,23.3,Similar,0.217,29,,23.8,35.1,Similar,0.374,26.3,,75.3,21,,14.8,28.3,Similar,0.422,1286,1193.4,1377.9,Higher,8.4,,5.7,12,Higher,1129,319.9,Higher,78.2,77.7,78.6,Lower
301,Brooklyn,Greenpoint and Williamsburg,200333,61,5,6,26,2,24,9,39,17,11,21,19.5,22.2,Lower,23,22.1,24.6,Lower,23,Higher,79,Similar,16,14.9,16.9,Lower,30,28.6,31.1,Lower,54,53,55.5,Higher,16,5,4,5,Lower,45,43,47,Lower,19,34,28.8,38.2,Lower,130,78,70.8,83.6,Similar,0.803,59,,20,,13.8,25.5,Similar,93,,90.2,96.7,Similar,7.1,24,Higher,17,13.8,21.2,Lower,11,3,2.7,Lower,5.7,Lower,11.2,,Similar,21,18.1,24.8,Similar,90,172,114.9,246.4,Lower,89.2,,83.6,93.1,Higher,<0.001,71,,62.6,78,Similar,0.479,24,,17,31.8,Similar,0.719,96,,92.9,97.3,Higher,<0.001,9,,5.6,13.4,Similar,0.196,10,*,5.4,17.6,Similar,0.358,10,,6.2,15,Similar,0.198,1041,773,1309.9,Similar,1282,1183.9,1381,Lower,25,,43,,35.5,51.3,Similar,0.124,18,,13.2,24.7,Lower,0.024,11,,7,17.6,Similar,0.693,25,,18.4,32,Similar,0.561,13.3,,32,21,,14.2,30.7,Similar,0.43,818,763.9,872.2,Higher,3.8,,2.4,5.7,Similar,1476,222.3,Higher,80.2,79.8,80.5,Lower
302,Brooklyn,Fort Greene and Brooklyn Heights,135573,46,26,9,14,5,15,8,44,20,14,7,6.8,8.2,Lower,19,18.3,20.3,Lower,20,Lower,82,Similar,10,8.7,10.6,Lower,22,20.5,22.8,Lower,69,67.3,70.1,Higher,12,6,6,7,Similar,39,37,41,Lower,14,40,33.1,46.2,Lower,143,85,78.2,89.7,Higher,0.008,48,*,18,,12.9,23.5,Similar,90,,86.5,94,Similar,6.7,31,Higher,11,7.6,15,Lower,9,2,2.5,Lower,6.3,Lower,5.7,,Lower,15,11.1,18.5,Lower,199,297,186.2,449.8,Lower,90.3,,85.5,93.6,Higher,<0.001,83,,75.5,88.5,Higher,0.004,13,,8.6,20.6,Lower,0.004,92,*,85,95.4,Similar,0.401,8,,4.7,11.9,Lower,0.038,13,*,6.2,23.8,Similar,0.991,14,,8.2,23.8,Similar,0.65,1179,889.6,1469.3,Similar,1270,1157.1,1382.5,Lower,74,,53,,43.8,61.7,Similar,0.453,12,,8.4,17.9,Lower,<0.001,9,,5.7,12.6,Lower,0.032,16,,11.8,22.1,Lower,<0.001,15.2,,22.4,17,,10.4,27.7,Similar,0.896,500,448.3,551.6,Lower,2.9,,1.3,5.5,Similar,825,175,Higher,81.8,81.5,82,Higher
303,Brooklyn,Bedford Stuyvesant,148149,11,63,3,20,3,23,9,33,22,13,11,9.9,11.9,Lower,19,18.4,20.5,Lower,34,Higher,77,Lower,16,15.3,17.4,Lower,42,40.3,43.4,Higher,42,40.4,43.2,Lower,21,8,7,8,Higher,50,47,52,Same,41,117,107.7,127.1,Higher,472,81,74.9,85.7,Similar,0.166,33,,31,,23.5,39.2,Similar,89,,83.8,94.2,Similar,6.3,13,Lower,25,20.6,30,Similar,18,4,5.9,Lower,8.5,Lower,16.1,,Higher,23,21.3,24.1,Similar,323,863,701.2,1050.3,Higher,82.2,,76.6,86.6,Similar,0.166,67,,58.4,75.1,Similar,0.138,28,,21.6,36.4,Similar,0.1,89,,83.9,93.3,Similar,0.986,15,,9.8,21.1,Similar,0.252,18,,11.4,26.5,Similar,0.183,15,,9.3,22.4,Similar,0.516,1887,1505.2,2268.8,Higher,812,728.4,895.5,Lower,57,,41,,32.5,49.3,Lower,0.04,32,,25,40,Similar,0.057,11,,6.7,17.5,Similar,0.611,32,,25.4,39.3,Similar,0.125,28.2,,27.9,14,,9.5,19.8,Similar,0.108,587,545.3,627.9,Lower,5.8,,4.1,7.9,Similar,1824,215.8,Higher,81,80.7,81.3,Similar
304,Brooklyn,Bushwick,109284,9,20,6,65,1,23,11,34,21,11,24,22.6,25.5,Same,31,29.4,32.1,Lower,23,Similar,81,Similar,25,23.8,26.6,Higher,39,36.9,40.2,Same,36,34.9,37.6,Lower,25,6,5,7,Similar,54,52,57,Higher,31,72,63.1,80.7,Higher,267,73,65.3,80,Similar,0.304,47,*,34,,25.4,41.6,Higher,88,,82.1,94,Similar,6.5,23,Higher,22,16.7,27.3,Similar,18,2,8.8,Higher,9.6,Similar,17.8,,Higher,29,27.1,30.8,Higher,225,747,575.5,954.2,Similar,76.6,,68.6,83.1,Similar,0.584,76,,67.3,82.8,Similar,0.567,29,*,19.4,40.2,Similar,0.228,92,,86.6,95.3,Similar,0.235,25,*,15.9,36.6,Higher,0.01,25,*,15.5,37.6,Higher,0.029,21,,13.8,29.5,Higher,0.044,1532,1179,1885.4,Similar,1261,1128.1,1394.7,Lower,66,,39,,29.7,48.2,Lower,0.022,15,,10.3,22.3,Lower,0.002,19,,11.5,29,Similar,0.147,27,,19.6,36.9,Similar,0.847,37.3,,25.5,15,,9,23.3,Similar,0.361,409,365.2,452.4,Lower,3.5,,1.7,6.4,Similar,1097,185.4,Higher,81.8,81.5,82.1,Higher
305,Brooklyn,East New York and Starrett City,174829,4,50,7,37,2,25,9,27,24,14,15,14.4,16.4,Lower,35,34,36.4,Lower,35,Higher,79,Similar,19,17.8,19.9,Same,60,58.8,62.2,Higher,21,19.5,21.8,Lower,28,7,6,8,Similar,54,52,57,Higher,46,113,103.9,121.7,Higher,509,73,66.1,79.6,Similar,0.281,45,,30,,24.1,36.8,Similar,89,,84.5,93.1,Similar,6,12,Lower,26,21.7,30.3,Similar,9,3,8.2,Higher,12.2,Higher,21.9,,Higher,26,24.7,27,Higher,319,981,817.1,1145.8,Higher,72.4,,64.6,78.9,Similar,0.082,70,,62.9,77,Similar,0.374,27,,20.7,35.5,Similar,0.159,88,,80.7,92.3,Similar,0.532,12,,8.1,18.2,Similar,0.692,11,,6.6,18,Similar,0.578,16,,10.3,24.1,Similar,0.314,2097,1690.9,2503.1,Higher,1110,1023.5,1195.7,Lower,81,,52,,43.4,59.6,Similar,0.603,31,,24.1,38,Similar,0.099,23,,17.5,30.3,Higher,0.001,37,,31.3,43.6,Higher,0.001,34.5,,47.3,19,,11.6,28.3,Similar,0.909,837,774.6,899,Higher,4.7,,2.9,7.4,Similar,1133,214.2,Higher,80.6,80.3,80.9,Lower
306,Brooklyn,Park Slope and Carroll Gardens,111414,63,9,6,17,4,18,4,45,20,11,5,4.8,6.1,Lower,16,15.5,17.4,Lower,12,Lower,82,Similar,7,6.3,7.8,Lower,16,14.5,16.8,Lower,77,75.9,78.7,Higher,10,5,4,5,Lower,35,33,38,Lower,24,30,23.6,37.2,Lower,129,82,75.1,87.3,Similar,0.114,51,,21,,15.3,27.1,Similar,92,,88.3,96.4,Similar,6.7,36,Higher,18,13.1,23.6,Similar,7,3,2,Lower,6.9,Lower,9.5,,Lower,9,6,12.2,Lower,156,220,130.6,348.2,Lower,89.6,,84.3,93.2,Higher,<0.001,84,,77.7,88.9,Higher,<0.001,12,,7.5,19,Lower,<0.001,94,,89.3,96.5,Higher,0.015,10,,6.3,15.3,Similar,0.539,5,*,2.3,10.6,Lower,<0.001,9,,5,15.9,Similar,0.189,1230,886.9,1572.5,Similar,1830,1677.5,1981.6,Higher,93,,56,,48,64.4,Similar,0.096,17,,11.5,23.5,Lower,0.008,5,,2.8,7.6,Lower,<0.001,25,,19.4,32.4,Similar,0.721,7.4,,31.4,20,,12.8,29.6,Similar,0.649,752,700.1,803.5,Higher,7.1,,4.9,9.8,Higher,1558,212.8,Higher,81.7,81.4,82,Similar
307,Brooklyn,Sunset Park,131654,23,3,31,41,2,22,8,38,21,11,48,46.2,49.2,Higher,45,44.2,46.5,Lower,10,Lower,81,Similar,38,36.3,39.2,Higher,29,27.2,30,Lower,34,32.9,34.6,Lower,23,5,5,6,Lower,52,50,55,Same,18,37,31.2,43.1,Lower,134,71,64.5,77.4,Similar,0.083,56,*,33,,24.6,41.7,Similar,93,*,88.3,97.7,Similar,6.5,18,Higher,23,18.1,28.5,Similar,19,3,2.1,Lower,7.3,Lower,18,,Higher,19,15.9,21.4,Similar,98,390,281.1,527.2,Lower,71.8,,65.1,77.7,Lower,0.034,67,,59.8,74.1,Similar,0.088,15,,10.1,22.5,Lower,0.028,91,,85,94.4,Similar,0.593,10,,6.1,14.7,Similar,0.42,14,,10.2,18.9,Similar,0.556,7,,4.4,11.1,Lower,0.001,980,727,1233.8,Similar,1748,1605.7,1890.5,Similar,99,**,51,,44.5,58.2,Similar,0.569,19,,13.5,26.2,Similar,0.076,10,,6.4,14.7,Similar,0.231,25,,20.8,30.6,Similar,0.644,6.3,,26.9,22,,16.7,27.4,Similar,0.192,345,312.7,378,Lower,1.9,,1.2,3,Lower,1090,150.6,Lower,83.1,82.8,83.4,Higher
308,Brooklyn,Crown Heights and Prospect Heights,95452,19,63,4,12,4,19,8,37,22,14,7,5.6,7.5,Lower,27,25.9,28.1,Lower,29,Higher,79,Similar,15,14,16.7,Lower,36,34,37.2,Lower,49,47.5,50.7,Higher,21,6,5,7,Similar,48,46,51,Same,36,85,74.4,95.1,Higher,330,75,67.3,81.5,Similar,0.574,37,*,34,,26.1,41.9,Higher,87,,81.3,91.7,Similar,6.3,46,Higher,27,21.4,34,Similar,15,1,4.6,Lower,8.1,Lower,15.2,,Similar,20,18.2,22,Similar,305,856,645.2,1114.8,Higher,85.1,,77.7,90.4,Higher,0.044,76,,66.1,83.1,Similar,0.652,25,,17.3,34.6,Similar,0.531,88,,80.7,92.8,Similar,0.63,12,*,6.4,22.2,Similar,0.805,8,,4.6,14.2,Similar,0.061,19,,11.6,28.5,Similar,0.154,1758,1357.9,2157.3,Similar,1112,995.3,1229,Lower,66,,43,*,33.6,53.7,Similar,0.245,19,,13.3,26.4,Similar,0.083,7,,4.2,11.1,Lower,0.002,20,,14.3,27,Lower,0.039,36.3,,28.3,19,,13.5,26.6,Similar,0.721,568,520.3,615.7,Lower,1.9,,0.9,3.5,Lower,755,140.9,Lower,83,82.7,83.4,Higher
309,Brooklyn,South Crown Heights and Lefferts Gardens,97515,19,68,2,10,2,21,8,30,24,17,9,7.9,10,Lower,40,38.3,41.9,Lower,24,Higher,80,Similar,13,11.6,13.7,Lower,47,45.1,49.3,Higher,40,38.6,41.7,Lower,21,7,6,8,Similar,51,48,54,Same,30,73,63.1,82.2,Higher,263,82,75.3,87.6,Similar,0.096,44,,38,,29.7,45.7,Higher,88,,82.8,93,Similar,6.1,29,Higher,30,23.8,36.6,Higher,8,1,7.3,Higher,7.4,Lower,9,,Lower,21,19,24,Similar,198,675,494,900,Similar,80.9,,72.9,87,Similar,0.528,81,,74.2,85.9,Higher,0.017,24,,15.5,34.6,Similar,0.756,76,*,63.2,85.4,Lower,0.018,9,,5.1,15,Similar,0.329,13,*,6.4,23.2,Similar,0.978,15,*,8.3,26.6,Similar,0.548,1372,1077.6,1665.5,Similar,1076,972.2,1180.1,Lower,48,,45,*,34.3,56,Similar,0.426,30,,21.2,40.5,Similar,0.292,10,,6.5,14.4,Similar,0.207,33,,23.9,43.4,Similar,0.199,28.4,,30.3,22,,16.6,29.6,Similar,0.183,830,774.9,884.6,Higher,4.2,,2.8,6.1,Similar,1687,260.1,Higher,79.2,78.9,79.5,Lower
310,Brooklyn,Bay Ridge and Dyker Heights,144859,60,1,24,13,2,20,6,32,25,17,27,25.8,28.4,Higher,38,37.3,39.7,Lower,9,Lower,85,Similar,18,16.4,18.7,Same,33,32.2,34.6,Lower,49,47.6,50.5,Higher,17,5,4,6,Lower,47,44,49,Lower,17,23,18.6,28.2,Lower,67,81,75.5,86.3,Similar,0.108,66,,22,,14.8,28.5,Similar,94,,90.4,97.4,Similar,6.1,28,Higher,15,11.4,19,Lower,12,0,3.4,Lower,9.1,Similar,6.5,,Lower,16,14.7,17.2,Lower,39,140,74.8,240.2,Lower,80.1,,73.3,85.6,Similar,0.641,73,,65.9,79.7,Similar,0.951,15,,10.4,21.7,Lower,0.015,95,*,90.2,97.3,Higher,0.002,13,,8.4,19.9,Similar,0.536,12,,7.6,17.7,Similar,0.714,9,,5.8,13.4,Similar,0.059,734,522.9,944.9,Similar,1876,1765.3,1986,Higher,63,,46,,38.2,53.8,Similar,0.38,18,,12.9,24.2,Lower,0.016,11,,7.6,16.6,Similar,0.669,24,,19.1,30.2,Similar,0.408,10.8,,25.1,31,*,21.6,43.2,Higher,0.016,569,517.4,621,Lower,2.7,,1.2,5.2,Similar,884,190.8,Higher,81.8,81.4,82.2,Similar
311,Brooklyn,Bensonhurst,209834,47,1,39,12,2,20,7,29,26,18,48,46.5,48.8,Higher,55,54.3,56.4,Lower,13,Lower,87,Higher,25,24,26.3,Higher,37,35.3,37.7,Same,38,37.2,39.5,Lower,23,6,5,7,Similar,55,52,57,Higher,13,23,19.3,27,Lower,66,74,68.3,79.1,Similar,0.275,69,,17,,11.9,21.8,Lower,92,,88.2,95,Similar,5.8,6,Lower,20,16.8,24,Similar,18,1,4.5,Lower,7.6,Lower,9.9,,Lower,15,13.6,16,Lower,45,204,134.2,296.3,Lower,74.6,,68.5,79.9,Similar,0.156,69,,62.3,75.5,Similar,0.201,13,,8.7,17.6,Lower,<0.001,93,*,85.5,97.2,Similar,0.139,12,,8.1,16.6,Similar,0.837,10,,6.5,14.8,Similar,0.19,11,,6.9,16.9,Similar,0.518,693,491.1,895.5,Lower,1579,1495.2,1663.6,Similar,66,,48,,40.6,54.8,Similar,0.638,16,,11.8,22,Lower,0.001,11,,7.4,17.2,Similar,0.716,26,,19.9,32.3,Similar,0.763,5,,39.9,15,,9,22.7,Similar,0.31,1277,1214,1340.5,Higher,7.5,,5.7,9.7,Higher,2228,280.8,Higher,79.2,78.9,79.5,Lower
312,Brooklyn,Borough Park,204610,64,2,21,12,2,35,8,27,18,12,29,27.9,30.6,Higher,28,27,29.1,Lower,12,Lower,83,Similar,22,20.8,23.7,Higher,43,41.7,44.4,Higher,35,33.5,35.9,Lower,27,5,4,6,Lower,64,61,66,Higher,13,19,15.1,22.4,Lower,63,82,76.1,86,Similar,0.076,67,,26,,18.4,33.1,Similar,92,*,85.4,97.5,Similar,6,8,Lower,25,20.9,29.5,Similar,18,2,1.6,Lower,6.3,Lower,11.3,,Similar,18,16.7,20.2,Lower,29,118,79.1,169.7,Lower,78.1,,70.9,83.9,Similar,0.866,59,,51.5,66.9,Lower,<0.001,21,,14.7,28.5,Similar,0.678,96,*,91.6,97.8,Higher,<0.001,11,,6.9,18,Similar,0.99,14,,8.5,21.6,Similar,0.724,11,,6.5,17.7,Similar,0.544,836,573.7,1098.3,Similar,2014,1898.7,2129.6,Higher,35,,38,,31.6,45.7,Lower,0.002,24,,18.1,30.7,Similar,0.773,11,,7.4,15.5,Similar,0.463,22,,15.6,29,Similar,0.142,5.1,,18.8,31,,24.6,37.8,Higher,<0.001,519,462.4,575.7,Lower,2.1,,1,3.8,Lower,611,137,Lower,82.9,82.5,83.2,Higher
313,Brooklyn,Coney Island,109909,58,11,14,16,2,18,7,24,26,25,47,45.1,48.4,Higher,53,52.3,54.7,Lower,29,Higher,78,Similar,18,16.2,18.8,Same,35,32.7,36.4,Lower,48,46.2,49.7,Higher,24,8,6,9,Similar,58,55,61,Higher,35,51,42.5,59,Similar,221,69,60.2,76.6,Similar,0.056,60,,18,,13.1,22.6,Lower,87,,80.3,92.9,Similar,5.7,17,Higher,22,17.5,28.1,Similar,12,1,9.2,Higher,10.4,Higher,16,,Similar,19,16.4,21.1,Similar,165,423,273.8,624.6,Similar,65.5,,55.2,74.6,Lower,0.008,65,,54.9,73.5,Similar,0.062,20,,13.5,28.1,Similar,0.512,95,,92.5,97.3,Higher,<0.001,16,,9.7,25.7,Similar,0.223,11,,6.6,19.2,Similar,0.702,11,,6.9,17.2,Similar,0.558,1429,1104.8,1752.7,Similar,1800,1698.6,1901.2,Higher,55,,49,,40.4,58.5,Similar,0.997,28,,19.9,38.9,Similar,0.443,10,,6.8,14.7,Similar,0.262,32,,24.2,40,Similar,0.215,10.5,,30,22,,15.6,31.1,Similar,0.266,431,389.4,472.8,Lower,2.5,,1.4,4.1,Similar,719,127.7,Lower,84.1,83.7,84.5,Higher
314,Brooklyn,Flatbush and Midwood,165630,38,34,11,15,2,24,8,29,24,15,23,21.9,24.4,Same,41,40.1,42.7,Lower,20,Lower,79,Similar,15,14,16.1,Lower,39,37.8,40.9,Same,46,44.1,47.1,Same,19,6,5,6,Similar,54,51,56,Higher,28,42,36.3,47.7,Lower,173,80,74.4,84.7,Similar,0.253,55,,24,,17.8,30,Similar,91,,86.8,94.4,Similar,5.9,16,Higher,26,21.3,30.3,Similar,14,3,6.1,Lower,9.3,Similar,9.8,,Lower,22,19.8,23.4,Similar,121,447,338.7,579.4,Lower,75.2,,67.5,81.6,Similar,0.338,68,,58.6,76.3,Similar,0.222,18,,12,26.1,Similar,0.237,88,,81.1,93.2,Similar,0.739,4,,2.5,7.5,Lower,<0.001,14,,9.4,21.4,Similar,0.572,16,,10,23.4,Similar,0.378,1128,818,1438.8,Similar,1767,1658.6,1874.8,Higher,50,,52,,43,60.2,Similar,0.607,28,,20.7,35.8,Similar,0.456,13,,7.8,19.8,Similar,0.926,22,,16.4,29.1,Similar,0.166,15.6,,41.2,18,,11.9,26.1,Similar,0.985,1198,1117.1,1279.5,Higher,3.6,,1.9,6.1,Similar,970,227.4,Higher,80.9,80.5,81.3,Similar
315,Brooklyn,Sheepshead Bay,178777,70,3,18,8,2,22,7,26,26,19,36,35.2,37.6,Higher,49,47.8,50,Lower,19,Lower,86,Higher,14,13.3,15.2,Lower,38,37,39.8,Same,47,46,48.8,Higher,17,6,5,7,Similar,51,49,54,Same,21,22,17.4,25.6,Lower,74,74,67.1,80.4,Similar,0.413,63,,19,,13.4,23.9,Similar,95,*,92.3,98.4,Higher,5.7,12,Lower,20,15.9,23.3,Similar,14,1,6.1,Lower,8.3,Lower,7.8,,Lower,17,15.2,18.2,Lower,42,156,92.5,246.5,Lower,78.3,,70.9,84.2,Similar,0.899,69,,59.5,76.4,Similar,0.241,17,,10.7,24.6,Similar,0.104,95,,92.4,97.3,Higher,<0.001,15,,9.8,23.6,Similar,0.228,12,,7.2,18.4,Similar,0.733,13,,7.4,23.1,Similar,0.833,872,619.3,1125.7,Similar,2035,1939,2131.9,Higher,39,,41,,32.2,49.7,Similar,0.05,23,,16.7,31.5,Similar,0.684,11,,7.3,16.3,Similar,0.563,27,,20.6,34.6,Similar,0.885,5.9,,26.9,20,,11.9,30.4,Similar,0.745,1167,1085.6,1249,Higher,6.1,,4,8.9,Similar,923,205.4,Higher,82.3,81.9,82.7,Higher
316,Brooklyn,Brownsville,81386,1,75,1,21,2,26,9,28,23,15,9,7.9,9.9,Lower,29,27,30.1,Lower,43,Higher,74,Lower,23,21.8,24.7,Higher,54,51.4,55.7,Higher,23,21.8,24.6,Lower,29,12,11,14,Higher,60,57,63,Higher,55,175,159.1,191.6,Higher,787,73,64.6,80.3,Similar,0.328,36,,49,,42,56.9,Higher,82,,75,88.4,Lower,6.1,11,Lower,32,25.8,40,Higher,7,8,11.3,Higher,12.7,Higher,24.2,,Higher,25,23.9,26.7,Higher,451,1358,1091.9,1669,Higher,73.6,*,62,82.7,Similar,0.345,71,,61.9,78.9,Similar,0.568,31,,23.6,39.9,Higher,0.032,87,,80.1,91.9,Similar,0.433,15,,9.8,22.2,Similar,0.239,12,*,4.9,27.2,Similar,0.927,13,*,6.2,26.5,Similar,0.873,2654,2117,3191.9,Higher,948,831.3,1064.5,Lower,79,,46,*,34.9,56.7,Similar,0.502,41,,31.2,50.8,Higher,0.002,15,,10.7,21.2,Similar,0.271,40,,30.7,49.2,Higher,0.006,43.6,,24,17,,12.4,24,Similar,0.844,352,315.2,389,Lower,1.8,,0.8,3.4,Lower,828,125.9,Lower,84.2,83.9,84.5,Higher
317,Brooklyn,East Flatbush,150946,2,88,2,7,2,19,7,28,27,19,8,7.5,9.4,Lower,52,50.5,52.7,Lower,26,Higher,80,Similar,14,12.7,14.6,Lower,53,51.7,54.6,Higher,33,31.7,34.7,Lower,16,6,5,7,Similar,53,51,56,Higher,29,80,72,88.5,Higher,291,73,66.6,79.2,Similar,0.251,46,,38,,29.7,45.3,Higher,90,,85.5,94.1,Similar,6,11,Lower,26,21.4,30.7,Similar,9,2,12.2,Higher,13.7,Higher,15.8,,Similar,24,22.3,25.2,Higher,336,1308,1075.5,1539.5,Higher,82.4,,75.4,87.7,Similar,0.233,70,,61.1,77.3,Similar,0.35,29,,22.2,37.8,Similar,0.071,85,,76.7,90.4,Similar,0.168,9,,5.6,13.6,Similar,0.217,17,,10.5,25,Similar,0.289,8,*,4.1,14.3,Similar,0.057,1396,1114.3,1678.4,Similar,801,731.6,870.3,Lower,70,,40,,32.2,48.8,Lower,0.031,34,,27.1,42.5,Higher,0.014,18,,12.9,24.6,Similar,0.052,32,,24.6,39.8,Similar,0.185,36.5,,28.4,7,,4.6,11.5,Lower,<0.001,330,300.9,359.5,Lower,2.6,,1.6,4,Similar,1264,131.6,Lower,84.7,84.5,85,Higher
318,Brooklyn,Flatlands and Canarsie,190798,28,57,5,9,2,22,8,27,27,16,11,10.7,12.1,Lower,40,39.5,41.3,Lower,22,Similar,85,Similar,11,10.5,11.9,Lower,48,46.8,49,Higher,41,40,41.9,Lower,14,5,5,6,Lower,47,44,49,Lower,34,46,40,51.1,Lower,202,79,72.9,84.2,Similar,0.471,51,,25,,18.8,31.2,Similar,93,,89.3,95.7,Similar,5.7,7,Lower,20,16.2,23.4,Similar,8,0,8.8,Higher,11.7,Higher,8.2,,Lower,22,20.9,23.5,Similar,135,590,462.5,742,Similar,78.9,,71.2,84.9,Similar,0.948,70,,61.9,77.1,Similar,0.352,32,,24.5,40,Higher,0.016,83,,74.2,88.7,Similar,0.059,8,,4.3,13.4,Similar,0.103,6,*,3,10.3,Lower,<0.001,7,,4.5,11.7,Lower,0.004,1286,1010.5,1561.7,Similar,1470,1382.3,1558.1,Lower,54,,49,,41.7,57.3,Similar,0.974,41,,32.7,49.2,Higher,<0.001,17,,11.5,23.3,Similar,0.149,36,,29,43,Higher,0.01,12.4,,22.3,9,,5.3,14,Lower,<0.001,411,375.3,447.5,Lower,2.1,,1.4,2.9,Lower,864,114.7,Lower,84.9,84.6,85.2,Higher
401,Queens,Long Island City and Astoria,193735,42,10,17,30,2,16,8,38,23,15,22,21.5,23.3,Same,38,37.5,39.4,Lower,20,Lower,83,Similar,13,12.3,14,Lower,33,31.6,34.2,Lower,54,53,55,Higher,16,5,4,6,Lower,44,43,46,Lower,20,56,49.7,61.3,Similar,135,77,69.9,83.4,Similar,0.922,52,,13,,8.9,17.2,Lower,93,,89.8,95.7,Similar,6.5,18,Higher,14,11.2,17.6,Lower,8,3,6.5,Similar,9.4,Similar,10.1,,Lower,22,19.4,24.1,Similar,149,221,138.4,334.2,Lower,85,,79.2,89.4,Higher,0.014,72,,64.6,78.8,Similar,0.707,17,,12.2,24.4,Similar,0.121,89,,81.9,93.9,Similar,0.962,12,,7.9,18.8,Similar,0.701,10,,7.1,15,Similar,0.255,12,,8.3,18.3,Similar,0.966,1014,744.2,1283.5,Similar,1728,1629.8,1826.9,Higher,63,,42,,34.4,49.9,Similar,0.06,20,,15.4,26.7,Similar,0.129,14,,9,20,Similar,0.631,24,,18.4,30.4,Similar,0.381,16.3,,63.1,12,,6.4,20.4,Similar,0.07,578,522.6,633.9,Lower,4,,2.2,6.7,Similar,1041,210.4,Higher,80.7,80.4,81,Lower
402,Queens,Woodside and Sunnyside,153365,25,2,36,35,2,17,7,36,25,15,36,35.2,37.7,Higher,53,51.8,54.4,Lower,14,Lower,89,Higher,16,14.8,17.2,Lower,36,34.9,37.3,Lower,48,46.3,49.5,Higher,14,4,3,5,Lower,47,45,50,Same,^,19,14.6,23.3,Lower,49,84,77.8,88.8,Higher,0.012,49,*,28,,20.2,35.4,Similar,92,,87.5,96.3,Similar,7,16,Higher,10,7.5,14.3,Lower,6,1,6.4,Lower,7.2,Lower,6.1,,Lower,20,17.5,23.3,Similar,85,274,171.6,414.5,Lower,81.7,,72.4,88.5,Similar,0.451,78,,69.8,84.7,Similar,0.23,19,,12.6,26.9,Similar,0.33,90,,84.6,94,Similar,0.705,13,,8.1,20.3,Similar,0.578,15,,9.1,23.2,Similar,0.536,14,,8.5,21.7,Similar,0.693,523,364.2,681.6,Lower,1495,1381.3,1607.8,Similar,67,,49,,40.1,58,Similar,0.94,17,,11.6,24.4,Lower,0.018,10,,6.1,17.5,Similar,0.514,21,,16.5,26.8,Lower,0.043,12.1,,42.6,16,,11.2,23.5,Similar,0.61,593,548.2,637.4,Lower,3.2,,2,4.8,Similar,1219,163.3,Similar,82.7,82.5,83,Higher
403,Queens,Jackson Heights,177841,11,6,18,63,1,21,8,30,25,15,50,48.1,51.4,Higher,59,58.1,60.9,Lower,13,Lower,84,Similar,28,26.2,29.3,Higher,45,43.7,47,Higher,27,25.8,28,Lower,22,5,4,5,Lower,60,57,63,Higher,6,33,28.4,38,Lower,135,77,70.8,82,Similar,0.956,49,,37,,30.3,43.9,Higher,94,,91.3,96.9,Similar,6.4,21,Higher,20,16.1,23.7,Similar,8,2,9.4,Higher,9.6,Similar,19.5,,Higher,26,24.6,28.3,Higher,179,425,321.8,550.5,Lower,69.7,,61.3,77,Lower,0.025,72,,63.7,79,Similar,0.67,26,,20,33.2,Similar,0.247,93,,87.8,95.9,Similar,0.089,7,,4,11.8,Lower,0.025,30,,23.3,37.4,Higher,<0.001,14,,9.2,20.9,Similar,0.619,764,582,946.9,Similar,1414,1316.7,1511.5,Lower,99,**,49,,40.1,57,Similar,0.84,25,,18.3,33.2,Similar,0.951,16,,10.7,23.5,Similar,0.243,28,,21.3,36.8,Similar,0.631,22.1,,34.4,13,,8.4,19.9,Similar,0.091,332,299.5,364.5,Lower,3.7,,2.4,5.5,Similar,1109,136.5,Lower,84,83.8,84.3,Higher
404,Queens,Elmhurst and Corona,186425,6,5,36,51,1,21,8,31,25,15,51,49,52.6,Higher,63,61.7,64.8,Lower,13,Lower,85,Similar,27,25.1,28.1,Higher,44,42.3,46.2,Higher,29,27.5,30.8,Lower,21,4,4,5,Lower,59,55,63,Higher,1,34,29.5,39,Lower,103,73,65.8,79.6,Similar,0.281,46,,48,,40.3,56.5,Higher,96,*,93.4,98.9,Higher,6.5,18,Higher,21,16.8,24.5,Similar,12,1,8.1,Higher,8,Lower,13.8,,Similar,24,21.4,26.3,Higher,170,286,203.7,391.6,Lower,69.5,,61.3,76.6,Lower,0.018,61,,52.7,69.1,Lower,0.003,22,,15.5,29.7,Similar,0.9,89,,80,93.7,Similar,0.797,8,,4.7,12.6,Similar,0.07,33,,25.6,41,Higher,<0.001,12,,7.5,17.8,Similar,0.745,854,656.6,1050.7,Similar,1381,1284.2,1477.8,Lower,99,**,49,,40.6,58,Similar,0.99,26,,19,34.3,Similar,0.766,14,,9.2,21.6,Similar,0.52,24,,18.5,29.5,Similar,0.286,21.6,,52.5,21,*,12.5,33.4,Similar,0.554,2032,1914.3,2149.8,Higher,7.3,,4.8,10.6,Higher,1380,381.8,Higher,76,75.6,76.4,Lower
405,Queens,Ridgewood and Maspeth,161860,51,1,9,36,1,22,7,29,26,15,24,22.8,25,Higher,39,37.5,39.9,Lower,17,Lower,86,Similar,15,14,15.7,Lower,48,46.3,49,Higher,38,36.4,38.7,Lower,15,4,4,5,Lower,45,43,47,Lower,33,19,15.8,23.7,Lower,96,84,77.5,89.2,Higher,0.016,78,,9,,4.7,12.4,Lower,96,,93.4,97.9,Higher,6.3,12,Lower,16,12.9,20.2,Lower,10,2,8.1,Higher,8,Lower,10.3,,Lower,21,18.7,22.9,Similar,91,390,284.2,521.3,Lower,80.5,,73.9,85.8,Similar,0.541,76,,69,81.4,Similar,0.504,27,,21.1,34.8,Similar,0.131,87,,78.8,92.2,Similar,0.446,8,,5.1,12.4,Similar,0.074,15,,10.2,22,Similar,0.397,11,,6.9,18.5,Similar,0.702,981,733.2,1229.6,Similar,1731,1627.9,1834,Higher,61,,41,,33.9,47.8,Lower,0.014,28,,21.5,34.9,Similar,0.385,9,,6,14.7,Similar,0.185,24,,19.3,29.6,Similar,0.339,9.5,,28.9,12,,7.9,16.6,Lower,0.003,968,907.4,1028.6,Higher,5.6,,3.8,8,Similar,1554,209.7,Higher,82.8,82.4,83.1,Higher
406,Queens,Rego Park and Forest Hills,114552,50,3,31,15,2,16,5,29,28,22,25,24.2,26.5,Higher,50,48.4,50.7,Lower,12,Lower,89,Higher,7,6.5,8.1,Lower,28,26.1,29,Lower,65,63.6,66.8,Higher,14,4,3,5,Lower,56,54,59,Higher,13,14,9.8,18.3,Lower,41,78,69.2,84.2,Similar,0.898,63,,13,,6.9,19.7,Lower,92,,88.3,96.6,Similar,6.1,3,Lower,13,9.8,17.1,Lower,5,1,2.7,Lower,5.2,Lower,5.1,,Lower,11,9.5,13.3,Lower,47,351,224.8,522,Lower,81.9,,74.2,87.6,Similar,0.346,71,,60.9,79.7,Similar,0.623,19,,11.8,29.7,Similar,0.498,96,*,92.9,98.1,Higher,<0.001,12,*,6,21.2,Similar,0.945,9,,4.9,15.3,Similar,0.135,9,,5.8,13.7,Similar,0.077,748,525.3,969.9,Similar,1950,1840.8,2059.4,Higher,70,,56,,46.9,64.9,Similar,0.145,19,,13.4,25.5,Lower,0.049,11,,6.6,18,Similar,0.646,25,,17.2,33.9,Similar,0.648,8.2,,24.3,6,,3.4,9.9,Lower,<0.001,630,587.1,673.2,Similar,5.1,,3.5,7.2,Similar,1705,181.2,Higher,82.1,81.9,82.4,Higher
407,Queens,Flushing and Whitestone,265650,25,2,54,16,2,17,6,26,29,22,53,51.7,53.9,Higher,57,56.2,57.7,Lower,10,Lower,87,Higher,24,22.8,24.9,Higher,40,38.8,41,Higher,36,35.4,37.2,Lower,24,4,4,5,Lower,46,43,50,Same,10,17,14.3,20.2,Lower,69,70,63.5,76.4,Lower,0.039,62,,21,,15.8,25.7,Similar,94,,91.1,97.1,Similar,6.3,7,Lower,24,20.5,27.3,Similar,4,1,5.3,Lower,7.6,Lower,6.3,,Lower,16,14.4,17.2,Lower,77,356,263,470,Lower,73.8,,65.9,80.3,Similar,0.174,60,,50.9,68.2,Lower,0.002,12,,7.8,16.9,Lower,<0.001,96,*,93.4,98,Higher,<0.001,9,,5.1,16.3,Similar,0.446,16,,9.6,25.4,Similar,0.411,10,,6.6,16,Similar,0.338,603,424.8,782.1,Lower,1273,1211.7,1333.9,Lower,85,,46,,39.3,53.3,Similar,0.39,12,,7.1,19.5,Lower,<0.001,9,,6.2,13.8,Similar,0.11,22,,16.1,28.9,Similar,0.141,6.7,,24.5,15,,10.8,21.7,Similar,0.347,531,494,568.7,Lower,4.8,,3.2,7,Similar,1144,133.1,Lower,84.1,83.8,84.4,Higher
408,Queens,Hillcrest and Fresh Meadows,155477,30,12,36,18,3,20,9,26,27,19,28,26.1,29.4,Higher,47,45.5,48.5,Lower,18,Lower,87,Higher,14,12.7,15.1,Lower,37,35.2,38.7,Same,49,47.4,50.8,Higher,18,8,7,9,Higher,47,44,50,Same,13,22,18,26.5,Lower,90,72,63.1,78.9,Similar,0.176,64,,23,,15.5,29.9,Similar,95,,92,97.8,Higher,6,13,Lower,23,18.8,27.5,Similar,5,1,6.6,Similar,9.1,Similar,4.6,,Lower,17,15.5,19.2,Lower,125,403,290.7,545.3,Lower,75.3,,68.3,81.1,Similar,0.295,75,,68.6,81.2,Similar,0.575,23,,15.8,32.4,Similar,0.836,91,,85.6,94.9,Similar,0.405,9,,5.1,15.9,Similar,0.422,17,,10,27.6,Similar,0.32,8,,4.5,13.5,Lower,0.034,901,665.2,1136.1,Similar,1301,1214.6,1388.1,Lower,67,,51,,42.9,59.9,Similar,0.64,23,,15.9,31.1,Similar,0.574,12,,8.3,16.9,Similar,0.874,29,,23.8,34.6,Similar,0.389,6.7,,14.2,21,,14.7,28.7,Similar,0.423,252,222.5,282.3,Lower,2.1,,1,3.8,Lower,609,87.6,Lower,87.4,87,87.9,Higher
409,Queens,Kew Gardens and Woodhaven,146449,18,9,28,41,4,23,8,28,27,13,27,25.8,28.4,Higher,52,50.5,52.9,Lower,20,Lower,87,Higher,21,20.4,22.6,Higher,44,42.3,45.2,Higher,35,33.8,35.7,Lower,19,6,5,6,Similar,53,50,56,Higher,26,43,36.5,48.5,Lower,139,79,73,83.2,Similar,0.569,66,*,15,,7.4,22.3,Lower,92,,87.6,96.2,Similar,6.1,0,Lower,25,20.2,29.6,Similar,9,3,10,Higher,9.1,Similar,11.3,,Similar,24,22.5,25.3,Higher,118,816,650.2,1012,Higher,78,,71.5,83.4,Similar,0.825,76,,67.6,82.4,Similar,0.581,24,,17.5,32.4,Similar,0.593,85,,74.7,91.8,Similar,0.311,10,,5.7,15.6,Similar,0.469,12,,8.1,18.2,Similar,0.893,19,,13.3,26.5,Similar,0.051,1125,842.8,1408.2,Similar,1460,1346.6,1572.6,Lower,74,,49,,41.2,57.2,Similar,0.96,26,,19.2,35,Similar,0.695,14,,10.1,19.8,Similar,0.431,27,,21.7,32.5,Similar,0.933,10.6,,19.8,13,,8.7,18.9,Similar,0.051,324,293,354.8,Lower,2.3,,1.3,3.8,Lower,896,109.5,Lower,86.1,85.7,86.4,Higher
410,Queens,South Ozone Park and Howard Beach,124663,24,20,26,24,6,22,8,26,28,16,14,12.5,14.8,Lower,45,43.6,46.2,Lower,20,Lower,88,Higher,22,20.4,22.9,Higher,48,46.4,49.5,Higher,30,29,31.7,Lower,15,7,6,7,Similar,53,48,57,Same,33,32,26.4,38.1,Lower,154,80,73.5,85.6,Similar,0.303,70,*,11,,5.4,15.5,Lower,94,*,90,98.6,Similar,5.8,5,Lower,21,16.7,26.3,Similar,8,0,9.3,Higher,10.2,Higher,9.5,,Lower,21,20.1,22.4,Similar,100,656,485,866.7,Similar,74,,65.9,80.7,Similar,0.213,75,,68.5,81.2,Similar,0.587,18,,12.9,25.3,Similar,0.215,89,,83.2,92.9,Similar,0.845,9,,5.8,15.1,Similar,0.426,17,,10.7,25.6,Similar,0.259,13,,7.4,21.3,Similar,0.954,1210,900.7,1519.2,Similar,1380,1274.5,1485.9,Lower,64,,49,,40.8,56.4,Similar,0.849,35,,26.9,43.1,Higher,0.018,16,,10.6,23.7,Similar,0.247,29,,22.2,36,Similar,0.564,12.5,,22.3,16,,11.1,23,Similar,0.542,339,308.3,370.2,Lower,2.9,,1.7,4.5,Similar,937,108.8,Lower,86.9,86.5,87.2,Higher
411,Queens,Bayside and Little Neck,119469,41,2,44,11,2,19,6,24,30,21,31,29.4,32.1,Higher,43,42.1,44.4,Lower,7,Lower,93,Higher,12,11.5,13.3,Lower,36,34.4,37.7,Same,52,49.9,53.2,Higher,13,4,3,5,Lower,46,43,49,Lower,16,8,5.6,12.4,Lower,42,78,70.9,84.4,Similar,0.703,83,*,8,,3.1,12,Lower,94,*,89.9,97.6,Similar,6,7,Lower,10,7.1,14.3,Lower,3,0,4.1,Lower,6.5,Lower,0.8,*,Lower,13,11.4,14.2,Lower,35,^,^,^,^,80.3,*,66.1,89.5,Similar,0.779,69,*,57,79.3,Similar,0.447,17,*,8.3,32.9,Similar,0.435,96,*,92.3,98.1,Higher,<0.001,9,,5.6,15.3,Similar,0.434,10,*,4,21.8,Similar,0.482,9,,4.8,15,Similar,0.122,578,405.1,750.5,Lower,835,762.6,907.6,Lower,69,,56,*,45.3,65.7,Similar,0.224,11,,7.2,16.3,Lower,<0.001,6,,3.5,9.2,Lower,<0.001,24,,18.6,30.5,Similar,0.402,3.5,,20.2,23,,16.7,29.8,Similar,0.168,320,287.3,353.1,Lower,3.3,,1.9,5.3,Similar,1181,150.8,Lower,81.9,81.7,82.2,Higher
412,Queens,Jamaica and Hollis,231221,2,66,12,17,3,21,8,27,27,17,15,13.9,15.9,Lower,43,42.1,44.3,Lower,25,Higher,82,Similar,18,17.4,19.3,Same,52,50.5,53,Higher,30,28.8,31,Lower,17,8,8,9,Higher,52,49,55,Same,32,68,61.7,74.1,Higher,324,78,72.1,83,Similar,0.722,42,*,20,,14,25.2,Similar,84,,79.6,88.9,Lower,5.9,1,Lower,26,21.8,29.3,Similar,11,1,12.1,Higher,12.4,Higher,15.2,,Similar,24,22.4,24.7,Higher,204,809,662.7,954.5,Higher,78.9,,71.5,84.8,Similar,0.947,76,,68.8,82.6,Similar,0.423,30,,22.5,37.7,Similar,0.055,87,,79.8,92.2,Similar,0.465,11,,6.2,18.5,Similar,0.9,13,,8.5,18.5,Similar,0.989,12,,6.9,19.9,Similar,0.844,1619,1285,1952.3,Similar,885,822.5,947.3,Lower,83,,41,,33.8,49.6,Lower,0.047,25,,18.2,32.9,Similar,0.996,16,,10.5,22.9,Similar,0.269,25,,19.6,31.7,Similar,0.646,24.1,,19.6,10,,6.6,15.3,Lower,<0.001,348,304,391.8,Lower,2.3,,1,4.3,Similar,558,99.3,Lower,85.2,84.9,85.5,Higher
413,Queens,Queens Village,193280,12,55,18,12,3,19,7,25,29,19,13,12.1,13.6,Lower,42,41.3,43.4,Lower,18,Lower,89,Higher,12,11.6,13.2,Lower,48,46.7,49.3,Higher,40,38.6,40.6,Lower,11,6,6,7,Similar,51,47,55,Same,25,29,24.8,34,Lower,164,84,78.7,88.6,Higher,0.004,56,*,8,,4.3,11.9,Lower,93,,89,96.6,Similar,5.8,5,Lower,13,9.9,16.1,Lower,9,3,7.8,Higher,10.9,Higher,6.6,,Lower,21,19.5,22.9,Similar,107,655,509.3,828.3,Similar,78.8,,71.4,84.8,Similar,0.964,68,,60.3,75.7,Similar,0.185,22,,15.7,29.1,Similar,0.865,92,,86.4,95.3,Similar,0.259,13,,8.1,20.9,Similar,0.534,11,,7,17.5,Similar,0.589,10,,5.7,16.7,Similar,0.324,1235,950.6,1518.9,Similar,667,612.3,721.1,Lower,61,,45,,37.7,53.3,Similar,0.308,40,,32.3,48.5,Higher,<0.001,16,,11.6,22.6,Similar,0.136,26,,20.5,31.9,Similar,0.786,13.9,,26.9,8,,4.6,14.4,Lower,<0.001,362,333.9,390.1,Lower,3.5,,2.3,5.1,Similar,1485,113.1,Lower,85.2,85,85.4,Higher
414,Queens,Rockaway and Broad Channel,112669,33,39,3,22,2,25,8,25,26,17,12,11.1,13.7,Lower,27,25.3,28.7,Lower,32,Higher,77,Lower,19,17.8,20.7,Same,44,41.4,46,Higher,37,35.2,38.9,Lower,17,8,7,9,Higher,49,46,53,Same,52,71,61.6,79.7,Higher,394,82,73.7,87.5,Similar,0.2,53,*,25,,17.9,31.8,Similar,83,,77.7,88.7,Lower,5.3,16,Higher,17,12.7,21.6,Lower,4,3,9,Higher,10.5,Higher,18.7,,Higher,23,20.2,25.5,Similar,194,403,283.6,555.2,Lower,81.6,,72.5,88.1,Similar,0.462,80,,70.7,87.4,Similar,0.112,24,*,15.1,35.6,Similar,0.754,87,*,76,93.1,Similar,0.519,15,,8.6,25.2,Similar,0.353,18,*,9.4,30.8,Similar,0.347,16,*,8.6,29,Similar,0.453,1738,1378.4,2098.2,Similar,1557,1444.5,1669.2,Similar,66,,52,*,40.4,62.5,Similar,0.704,31,*,21.5,41.9,Similar,0.249,12,,7,21.2,Similar,0.975,31,,24.1,40,Similar,0.224,13.7,,27.1,10,,5.5,16.6,Lower,0.003,446,406.7,485.3,Lower,3.7,,2.2,5.8,Similar,817,110.1,Lower,84.9,84.7,85.2,Higher
501,Staten Island,St. George and Stapleton,189893,35,21,12,30,2,23,9,27,26,14,12,11.5,13.2,Lower,26,24.8,27,Lower,28,Higher,79,Similar,16,14.4,16.6,Lower,46,43.9,47.2,Higher,39,37.6,40.3,Lower,20,5,4,6,Lower,52,48,55,Same,40,94,86.1,102.7,Higher,414,79,72.2,84.9,Similar,0.497,64,*,12,,7.4,15.5,Lower,91,,86.6,94.8,Similar,5.8,10,Lower,47,40.7,52.4,Higher,18,2,2.5,Lower,10.7,Higher,15.9,,Higher,23,21.1,24.1,Similar,157,407,300.3,539.9,Lower,78.7,,72,84.2,Similar,0.981,72,,65.2,78.6,Similar,0.712,25,,19,33,Similar,0.382,87,,80.2,91.8,Similar,0.405,20,,14.3,26.9,Higher,0.007,10,,6.1,14.4,Similar,0.129,11,,6.9,16.8,Similar,0.491,1284,1026.6,1541.3,Similar,1859,1752.2,1965.7,Higher,60,,46,,37.8,53.5,Similar,0.34,34,,26.6,41.2,Higher,0.018,15,,10.3,20.2,Similar,0.359,23,,18.5,28.6,Similar,0.191,11.5,,27.9,17,,10.6,26.5,Similar,0.823,533,488.5,577.4,Lower,2.8,,1.6,4.6,Similar,1003,141.2,Lower,83.5,83.2,83.8,Higher
502,Staten Island,South Beach and Willowbrook,142374,63,3,18,14,2,20,8,25,28,19,14,12.8,15,Lower,29,27.2,30.2,Lower,16,Lower,88,Higher,12,10.6,12.7,Lower,47,45.5,48.8,Higher,41,39.8,42.7,Lower,12,5,4,6,Lower,47,42,51,Same,31,40,33.9,46.7,Lower,121,83,76,88.9,Similar,0.05,87,*,3,*,1.1,4.5,Lower,98,*,95.9,100,Higher,5.6,8,Lower,32,26.7,37.9,Higher,8,1,2.1,Lower,8.6,Lower,4.6,,Lower,20,18.2,20.8,Similar,43,200,109.5,335.9,Lower,80.5,,73.3,86.1,Similar,0.582,71,,63,78.2,Similar,0.522,18,,12.1,25,Similar,0.165,93,,88.1,95.7,Similar,0.076,18,,11.8,25.5,Similar,0.068,4,*,2.4,8.2,Lower,<0.001,11,,6.6,17.5,Similar,0.534,1111,823.3,1397.8,Similar,3171,3035.6,3306,Higher,41,,44,,36.1,52,Similar,0.183,24,,17.5,32.1,Similar,0.842,7,,4.3,10,Lower,<0.001,23,,16.6,30.5,Similar,0.282,4.4,,33.4,19,,12.5,27.1,Similar,0.847,508,459.4,555.8,Lower,2.7,,1.3,4.9,Similar,981,159.5,Similar,81.9,81.6,82.2,Higher
503,Staten Island,Tottenville and Great Kills,160506,81,1,7,10,1,21,8,25,28,18,7,6.4,8,Lower,16,14.8,17.1,Lower,14,Lower,93,Higher,7,6,7.4,Lower,50,48,51.7,Higher,43,41.9,45,Same,12,4,3,5,Lower,39,34,45,Lower,38,25,20.3,29.5,Lower,96,85,79,90.1,Higher,0.003,78,*,<1,*,0,1.1,Lower,97,*,94.3,99,Higher,5.3,4,Lower,19,14.9,22.8,Similar,6,0,1.4,Lower,8.7,Lower,1.9,,Lower,17,16.2,18.6,Lower,24,140,72.3,244.5,Lower,88.7,,84,92.1,Higher,<0.001,72,,64.2,79.1,Similar,0.719,18,,12.2,25.1,Similar,0.172,88,,82.1,92.6,Similar,0.673,14,,9,20.7,Similar,0.39,4,*,1.8,8.1,Lower,<0.001,9,,5.1,14.2,Similar,0.078,894,646.5,1141.4,Similar,1530,1438.8,1621.3,Similar,32,,38,,30.9,46.5,Lower,0.006,28,,21.8,35.8,Similar,0.322,10,,6.9,15.6,Similar,0.394,22,,17.3,27.6,Similar,0.083,2.6,,14.9,10,,6.5,15,Lower,<0.001,324,281.7,367.1,Lower,6.4,,3.2,11.4,Similar,507,84.8,Lower,84.9,84.6,85.2,Higher